<?xml version="1.0" encoding="UTF-8"?>

<!--L
   Copyright Washington University in St. Louis
   Copyright SemanticBits
   Copyright Persistent Systems
   Copyright Krishagni

   Distributed under the OSI-approved BSD 3-Clause License.
   See http://ncip.github.com/catissue-migration-tool/LICENSE.txt for details.
L-->

<mapping>
	 <class name="edu.wustl.bulkoperator.metadata.BulkOperationClass">
	 	
		<field name="className" type="string">
			<bind-xml name="className" node="attribute"/>
		</field>
		
		<field name="type" type="string">
			<bind-xml name="type" node="attribute"/>
		</field>
		<field name="cardinality" type="string">
			<bind-xml name="cardinality" node="attribute"/>
		</field>
		<field name="roleName" type="string">
			<bind-xml name="roleName" node="attribute"/>
		</field>
		<field name="parentRoleName" type="string">
			<bind-xml name="parentRoleName" node="attribute"/>
		</field>
		<field name="maxNoOfRecords" type="integer">
			<bind-xml name="maxNoOfRecords" node="attribute"/>
		</field>
		
		

		<field name="containmentAssociation" get-method="getContainmentAssociationCollection" set-method="setContainmentAssociationCollection" type="edu.wustl.bulkoperator.metadata.BulkOperationClass" collection="collection" >
			<bind-xml name="containmentAssociation" node="element" />
		</field>
		<field name="referenceAssociation" get-method="getReferenceAssociationCollection" set-method="setReferenceAssociationCollection" type="edu.wustl.bulkoperator.metadata.BulkOperationClass" collection="collection" >
			<bind-xml name="referenceAssociation" node="element" />
		</field>
		<field name="dynExtEntityAssociationCollection"  type="edu.wustl.bulkoperator.metadata.BulkOperationClass" collection="collection" >
		<bind-xml name="dynExtEntityAssociationCollection" node="element" />
		</field>
		
		<field name="dynExtCategoryAssociationCollection" type="edu.wustl.bulkoperator.metadata.BulkOperationClass" collection="collection" >
			<bind-xml name="dynExtCategoryAssociationCollection" node="element" />
		</field>
		<field name="attribute" get-method="getAttributeCollection" set-method="setAttributeCollection" type="edu.wustl.bulkoperator.metadata.Attribute" collection="collection" />
		<field name="hookingInformation" type="edu.wustl.bulkoperator.metadata.HookingInformation" >
			<bind-xml name="hookingInformation" node="element" />
		</field>

	</class>

	<class name="edu.wustl.bulkoperator.metadata.HookingInformation">
	 		<field name="attribute" get-method="getAttributeCollection" set-method="setAttributeCollection" type="edu.wustl.bulkoperator.metadata.Attribute" collection="collection" />
	 		<field name="rootContainerId" type="long">
				<bind-xml name="rootContainerId" node="attribute"/>
			</field>
	</class>

	<class name="edu.wustl.bulkoperator.metadata.BulkOperationMetaData">
	 <map-to xml="BulkOperationMetadata"/>
	 <field name="BulkOperationClass" type="edu.wustl.bulkoperator.metadata.BulkOperationClass" collection="collection" >
	 	<bind-xml name="BulkOperationClass" node="element" />
	 </field>
	 <field name="templateName" type="string">
			<bind-xml name="templateName" node="attribute"/>
		</field>
		<field name="batchSize" type="integer">
			<bind-xml name="batchSize" node="attribute"/>
		</field>
	 </class>
	 <class name="edu.wustl.bulkoperator.metadata.Attribute">
	 	<field name="name" type="string">
			<bind-xml name="name" node="attribute"/>
		</field>
		
		<field name="csvColumnName" type="string">
			<bind-xml name="csvColumnName" node="attribute"/>
		</field>
		<field name="updateBasedOn" type="boolean">
			<bind-xml name="updateBasedOn" node="attribute"/>
		</field>
		
		<field name="format" type="string">
			<bind-xml name="format" node="attribute"/>
		</field>
		<field name="discriminatorCollection" type="edu.wustl.bulkoperator.metadata.AttributeDiscriminator" collection="collection" />
	 </class>

	 <class name="edu.wustl.bulkoperator.metadata.AttributeDiscriminator">
	 	<field name="name" type="string">
			<bind-xml name="name" node="attribute"/>
		</field>
		<field name="value" type="string">
			<bind-xml name="value" node="attribute"/>
		</field>
	 </class>



</mapping>